Esport,Rival,Dia,Sector,Preu
Basket,Partizan NIS Belgrado,2022-11-22,Zona 1 Inferior,69
Basket,Partizan NIS Belgrado,2022-11-22,Zona 1 Superior,58
Basket,Partizan NIS Belgrado,2022-11-22,Zona 2 Inferior,49
Basket,Partizan NIS Belgrado,2022-11-22,Zona 3 Superior,25
Basket,Partizan NIS Belgrado,2022-11-22,Zona 4,23
Basket,Partizan NIS Belgrado,2022-11-22,Zona 2 Central Visibilidad Reducida,15
Basket,Partizan NIS Belgrado,2022-11-22,Zona 4 Visibilidad Reducida,12
Basket,Partizan NIS Belgrado,2022-11-22,Zona 2 Superior,35
Basket,Partizan NIS Belgrado,2022-11-22,Zona 3 Inferior,30
Basket,Panathinaikos,2022-12-16,Zona 1 Inferior,46
Basket,Panathinaikos,2022-12-16,Zona 1 Superior,38
Basket,Panathinaikos,2022-12-16,Zona 2 Inferior,32
Basket,Panathinaikos,2022-12-16,Zona 2 Central,26
Basket,Panathinaikos,2022-12-16,Zona 2 Superior,23
Basket,Panathinaikos,2022-12-16,Zona 3 Inferior,20
Basket,Panathinaikos,2022-12-16,Zona 3 Superior,17
Basket,Panathinaikos,2022-12-16,Zona 4,15
Basket,Panathinaikos,2022-12-16,Zona 2 Central Visibilidad Reducida,10
Basket,Panathinaikos,2022-12-16,Zona 4 Visibilidad Reducida,8
Basket,Unicaja,2022-12-18,Zona 1 Superior,44
Basket,Unicaja,2022-12-18,Zona 2 Inferior,37
Basket,Unicaja,2022-12-18,Zona 2 Central,30
Basket,Unicaja,2022-12-18,Zona 3 Inferior,23
Basket,Unicaja,2022-12-18,Zona 3 Superior,19
Basket,Unicaja,2022-12-18,Zona 4,17
Basket,Unicaja,2022-12-18,Zona 2 Central Visibilidad Reducida,12
Basket,Unicaja,2022-12-18,Zona 4 Visibilidad Reducida,9
Basket,Unicaja,2022-12-18,Zona 1 Inferior,52
Basket,Unicaja,2022-12-18,Zona 2 Superior,26
Basket,Casademont Zaragoza,2022-12-28,Zona 1 Inferior,69
Basket,Casademont Zaragoza,2022-12-28,Zona 1 Superior,58
Basket,Casademont Zaragoza,2022-12-28,Zona 2 Inferior,49
Basket,Casademont Zaragoza,2022-12-28,Zona 2 Central,39
Basket,Casademont Zaragoza,2022-12-28,Zona 2 Superior,35
Basket,Casademont Zaragoza,2022-12-28,Zona 3 Inferior,30
Basket,Casademont Zaragoza,2022-12-28,Zona 3 Superior,25
Basket,Casademont Zaragoza,2022-12-28,Zona 4,23
Basket,Casademont Zaragoza,2022-12-28,Zona 2 Central Visibilidad Reducida,15
Basket,Casademont Zaragoza,2022-12-28,Zona 4 Visibilidad Reducida,12
Basket,Virtus Segafredo Bologna,2023-01-05,Zona 1 Inferior,52
Basket,Virtus Segafredo Bologna,2023-01-05,Zona 1 Superior,44
Basket,Virtus Segafredo Bologna,2023-01-05,Zona 2 Inferior,37
Basket,Virtus Segafredo Bologna,2023-01-05,Zona 2 Central,30
Basket,Virtus Segafredo Bologna,2023-01-05,Zona 2 Superior,26
Basket,Virtus Segafredo Bologna,2023-01-05,Zona 3 Inferior,23
Basket,Virtus Segafredo Bologna,2023-01-05,Zona 3 Superior,19
Basket,Virtus Segafredo Bologna,2023-01-05,Zona 4,17
Basket,Virtus Segafredo Bologna,2023-01-05,Zona 2 Central Visibilidad Reducida,12
Basket,Virtus Segafredo Bologna,2023-01-05,Zona 4 Visibilidad Reducida,9
Basket,Coosur Real Betis,2023-01-07,Zona 1 Inferior,106
Basket,Coosur Real Betis,2023-01-07,Zona 1 Superior,88
Basket,Coosur Real Betis,2023-01-07,Zona 2 Inferior,74
Basket,Coosur Real Betis,2023-01-07,Zona 2 Central,60
Basket,Coosur Real Betis,2023-01-07,Zona 2 Superior,53
Basket,Coosur Real Betis,2023-01-07,Zona 3 Inferior,46
Basket,Coosur Real Betis,2023-01-07,Zona 3 Superior,39
Basket,Coosur Real Betis,2023-01-07,Zona 4,34
Basket,Coosur Real Betis,2023-01-07,Zona 2 Central Visibilidad Reducida,23
Basket,Coosur Real Betis,2023-01-07,Zona 4 Visibilidad Reducida,17
Basket,Anadolu Efes Istanbul,2023-01-13,Zona 1 Inferior,52
Basket,Anadolu Efes Istanbul,2023-01-13,Zona 1 Superior,44
Basket,Anadolu Efes Istanbul,2023-01-13,Zona 2 Inferior,37
Basket,Anadolu Efes Istanbul,2023-01-13,Zona 2 Central,30
Basket,Anadolu Efes Istanbul,2023-01-13,Zona 2 Superior,26
Basket,Anadolu Efes Istanbul,2023-01-13,Zona 3 Inferior,23
Basket,Anadolu Efes Istanbul,2023-01-13,Zona 3 Superior,19
Basket,Anadolu Efes Istanbul,2023-01-13,Zona 4,17
Basket,Anadolu Efes Istanbul,2023-01-13,Zona 2 Central Visibilidad Reducida,12
Basket,Anadolu Efes Istanbul,2023-01-13,Zona 4 Visibilidad Reducida,9
Basket,Cazoo Baskonia,2022-11-25,Zona 1 Inferior,52
Basket,Cazoo Baskonia,2022-11-25,Zona 1 Superior,44
Basket,Cazoo Baskonia,2022-11-25,Zona 3 Superior,19
Basket,Cazoo Baskonia,2022-11-25,Zona 4,17
Basket,Cazoo Baskonia,2022-11-25,Zona 2 Central Visibilidad Reducida,12
Basket,Cazoo Baskonia,2022-11-25,Zona 4 Visibilidad Reducida,9
Basket,Cazoo Baskonia,2022-11-25,Zona 2 Inferior,37
Basket,Cazoo Baskonia,2022-11-25,Zona 2 Central,30
Basket,Cazoo Baskonia,2022-11-25,Zona 2 Superior,26
Basket,Cazoo Baskonia,2022-11-25,Zona 3 Inferior,23
Basket,Valencia Basket,2023-02-05,Zona 1 Inferior,52
Basket,Valencia Basket,2023-02-05,Zona 1 Superior,44
Basket,Valencia Basket,2023-02-05,Zona 2 Inferior,37
Basket,Valencia Basket,2023-02-05,Zona 2 Central,30
Basket,Valencia Basket,2023-02-05,Zona 2 Superior,26
Basket,Valencia Basket,2023-02-05,Zona 3 Inferior,23
Basket,Valencia Basket,2023-02-05,Zona 3 Superior,19
Basket,Valencia Basket,2023-02-05,Zona 4,17
Basket,Valencia Basket,2023-02-05,Zona 2 Central Visibilidad Reducida,12
Basket,Valencia Basket,2023-02-05,Zona 4 Visibilidad Reducida,9
Basket,Joventut Badalona,2023-03-25,Zona 1 Inferior,52
Basket,Joventut Badalona,2023-03-25,Zona 1 Superior,44
Basket,Joventut Badalona,2023-03-25,Zona 2 Inferior,37
Basket,Joventut Badalona,2023-03-25,Zona 2 Central,30
Basket,Joventut Badalona,2023-03-25,Zona 2 Superior,26
Basket,Joventut Badalona,2023-03-25,Zona 3 Inferior,23
Basket,Joventut Badalona,2023-03-25,Zona 3 Superior,19
Basket,Joventut Badalona,2023-03-25,Zona 4,17
Basket,Joventut Badalona,2023-03-25,Zona 2 Central Visibilidad Reducida,12
Basket,Joventut Badalona,2023-03-25,Zona 4 Visibilidad Reducida,9
Basket,Alba Berlin,2023-03-30,Zona 1 Inferior,69
Basket,Alba Berlin,2023-03-30,Zona 1 Superior,58
Basket,Alba Berlin,2023-03-30,Zona 2 Inferior,49
Basket,Alba Berlin,2023-03-30,Zona 2 Central,39
Basket,Alba Berlin,2023-03-30,Zona 2 Superior,35
Basket,Alba Berlin,2023-03-30,Zona 3 Inferior,30
Basket,Alba Berlin,2023-03-30,Zona 3 Superior,25
Basket,Alba Berlin,2023-03-30,Zona 4,23
Basket,Alba Berlin,2023-03-30,Zona 2 Central Visibilidad Reducida,15
Basket,Alba Berlin,2023-03-30,Zona 4 Visibilidad Reducida,12
Basket,Real Madrid,2023-04-16,Zona 1 Superior,106
Basket,Real Madrid,2023-04-16,Zona 2 Inferior,89
Basket,Real Madrid,2023-04-16,Zona 2 Central,72
Basket,Real Madrid,2023-04-16,Zona 2 Superior,64
Basket,Real Madrid,2023-04-16,Zona 3 Inferior,55
Basket,Real Madrid,2023-04-16,Zona 4,42
Basket,Real Madrid,2023-04-16,Zona 2 Central Visibilidad Reducida,28
Basket,Real Madrid,2023-04-16,Zona 4 Visibilidad Reducida,21
Basket,Real Madrid,2023-04-16,Zona 1 Inferior,128
Basket,Real Madrid,2023-04-16,Zona 3 Superior,47
Basket,Gran Canaria,2023-04-22,Zona 1 Inferior,52
Basket,Gran Canaria,2023-04-22,Zona 1 Superior,44
Basket,Gran Canaria,2023-04-22,Zona 2 Inferior,37
Basket,Gran Canaria,2023-04-22,Zona 2 Central,30
Basket,Gran Canaria,2023-04-22,Zona 2 Superior,26
Basket,Gran Canaria,2023-04-22,Zona 3 Inferior,23
Basket,Gran Canaria,2023-04-22,Zona 3 Superior,19
Basket,Gran Canaria,2023-04-22,Zona 4,17
Basket,Gran Canaria,2023-04-22,Zona 2 Central Visibilidad Reducida,12
Basket,Gran Canaria,2023-04-22,Zona 4 Visibilidad Reducida,9
Basket,Fuenlabrada,2023-05-07,EMPTY,52
Basket,Fuenlabrada,2023-05-07,ZONA 1 INFERIOR,44
Basket,Fuenlabrada,2023-05-07,ZONA 1 INFERIOR,37
Basket,Fuenlabrada,2023-05-07,EMPTY,30
Basket,Fuenlabrada,2023-05-07,EMPTY,26
Basket,Fuenlabrada,2023-05-07,ZONA 1 SUPERIOR,23
Basket,Fuenlabrada,2023-05-07,ZONA 1 SUPERIOR,19
Basket,Fuenlabrada,2023-05-07,EMPTY,17
Basket,Fuenlabrada,2023-05-07,EMPTY,12
Basket,Fuenlabrada,2023-05-07,ZONA 2 INFERIOR,9
Basket,BAXI Manresa,2023-03-12,EMPTY,60
Basket,BAXI Manresa,2023-03-12,ZONA 1 INFERIOR,50
Basket,BAXI Manresa,2023-03-12,ZONA 1 INFERIOR,42
Basket,BAXI Manresa,2023-03-12,EMPTY,34
Basket,BAXI Manresa,2023-03-12,EMPTY,30
Basket,BAXI Manresa,2023-03-12,ZONA 1 SUPERIOR,26
Basket,BAXI Manresa,2023-03-12,ZONA 1 SUPERIOR,22
Basket,BAXI Manresa,2023-03-12,EMPTY,20
Basket,BAXI Manresa,2023-03-12,EMPTY,13
Basket,BAXI Manresa,2023-03-12,ZONA 2 INFERIOR,10
Basket,Estrella Roja,2023-03-17,Zona 1 Inferior,52
Basket,Estrella Roja,2023-03-17,Zona 1 Superior,44
Basket,Estrella Roja,2023-03-17,Zona 2 Inferior,37
Basket,Estrella Roja,2023-03-17,Zona 2 Central,30
Basket,Estrella Roja,2023-03-17,Zona 2 Superior,26
Basket,Estrella Roja,2023-03-17,Zona 3 Inferior,23
Basket,Estrella Roja,2023-03-17,Zona 3 Superior,19
Basket,Estrella Roja,2023-03-17,Zona 4,17
Basket,Estrella Roja,2023-03-17,Zona 2 Central Visibilidad Reducida,12
Basket,Estrella Roja,2023-03-17,Zona 4 Visibilidad Reducida,9
Basket,Maccabi Playtika Tel Aviv,2023-01-31,EMPTY,80
Basket,Maccabi Playtika Tel Aviv,2023-01-31,ZONA 1 INFERIOR,67
Basket,Maccabi Playtika Tel Aviv,2023-01-31,ZONA 1 INFERIOR,56
Basket,Maccabi Playtika Tel Aviv,2023-01-31,EMPTY,45
Basket,Maccabi Playtika Tel Aviv,2023-01-31,EMPTY,35
Basket,Maccabi Playtika Tel Aviv,2023-01-31,ZONA 1 SUPERIOR,29
Basket,Maccabi Playtika Tel Aviv,2023-01-31,ZONA 1 SUPERIOR,26
Basket,Maccabi Playtika Tel Aviv,2023-01-31,EMPTY,18
Basket,Maccabi Playtika Tel Aviv,2023-01-31,EMPTY,13
Basket,Maccabi Playtika Tel Aviv,2023-01-31,ZONA 2 INFERIOR,40
Basket,Valencia Basket,2023-02-05,Zona 1 Inferior,69
Basket,Valencia Basket,2023-02-05,Zona 1 Superior,58
Basket,Valencia Basket,2023-02-05,Zona 2 Inferior,49
Basket,Valencia Basket,2023-02-05,Zona 2 Central,39
Basket,Valencia Basket,2023-02-05,Zona 2 Superior,35
Basket,Valencia Basket,2023-02-05,Zona 3 Inferior,30
Basket,Valencia Basket,2023-02-05,Zona 3 Superior,25
Basket,Valencia Basket,2023-02-05,Zona 4,23
Basket,Valencia Basket,2023-02-05,Zona 2 Central Visibilidad Reducida,15
Basket,Valencia Basket,2023-02-05,Zona 4 Visibilidad Reducida,12
Basket,Río Breogán,2023-02-12,EMPTY,52
Basket,Río Breogán,2023-02-12,ZONA 1 INFERIOR,44
Basket,Río Breogán,2023-02-12,ZONA 1 INFERIOR,37
Basket,Río Breogán,2023-02-12,EMPTY,30
Basket,Río Breogán,2023-02-12,EMPTY,26
Basket,Río Breogán,2023-02-12,ZONA 1 SUPERIOR,23
Basket,Río Breogán,2023-02-12,ZONA 1 SUPERIOR,19
Basket,Río Breogán,2023-02-12,EMPTY,17
Basket,Río Breogán,2023-02-12,EMPTY,12
Basket,Río Breogán,2023-02-12,ZONA 2 INFERIOR,9
Basket,AS Monaco,2023-02-24,Zona 1 Inferior,80
Basket,AS Monaco,2023-02-24,Zona 1 Superior,67
Basket,AS Monaco,2023-02-24,Zona 2 Inferior,56
Basket,AS Monaco,2023-02-24,Zona 2 Central,45
Basket,AS Monaco,2023-02-24,Zona 2 Superior,40
Basket,AS Monaco,2023-02-24,Zona 3 Inferior,35
Basket,AS Monaco,2023-02-24,Zona 3 Superior,29
Basket,AS Monaco,2023-02-24,Zona 4,26
Basket,AS Monaco,2023-02-24,Zona 2 Central Visibilidad Reducida,18
Basket,AS Monaco,2023-02-24,Zona 4 Visibilidad Reducida,13
Basket,Zalgiris Kaunas,2023-03-02,EMPTY,60
Basket,Zalgiris Kaunas,2023-03-02,ZONA 1 INFERIOR,50
Basket,Zalgiris Kaunas,2023-03-02,ZONA 1 INFERIOR,42
Basket,Zalgiris Kaunas,2023-03-02,EMPTY,34
Basket,Zalgiris Kaunas,2023-03-02,EMPTY,30
Basket,Zalgiris Kaunas,2023-03-02,ZONA 1 SUPERIOR,26
Basket,Zalgiris Kaunas,2023-03-02,ZONA 1 SUPERIOR,22
Basket,Zalgiris Kaunas,2023-03-02,EMPTY,20
Basket,Zalgiris Kaunas,2023-03-02,EMPTY,13
Basket,Zalgiris Kaunas,2023-03-02,ZONA 2 INFERIOR,10
Basket,Surne Bilbao Basket,2023-01-22,EMPTY,52
Basket,Surne Bilbao Basket,2023-01-22,ZONA 1 INFERIOR,44
Basket,Surne Bilbao Basket,2023-01-22,ZONA 1 INFERIOR,37
Basket,Surne Bilbao Basket,2023-01-22,EMPTY,30
Basket,Surne Bilbao Basket,2023-01-22,EMPTY,23
Basket,Surne Bilbao Basket,2023-01-22,ZONA 1 SUPERIOR,19
Basket,Surne Bilbao Basket,2023-01-22,ZONA 1 SUPERIOR,17
Basket,Surne Bilbao Basket,2023-01-22,EMPTY,12
Basket,Surne Bilbao Basket,2023-01-22,EMPTY,9
Basket,Surne Bilbao Basket,2023-01-22,ZONA 2 INFERIOR,26
Basket,FC Bayern Munich,2023-02-02,EMPTY,60
Basket,FC Bayern Munich,2023-02-02,ZONA 1 INFERIOR,50
Basket,FC Bayern Munich,2023-02-02,ZONA 1 INFERIOR,42
Basket,FC Bayern Munich,2023-02-02,EMPTY,34
Basket,FC Bayern Munich,2023-02-02,EMPTY,30
Basket,FC Bayern Munich,2023-02-02,ZONA 1 SUPERIOR,26
Basket,FC Bayern Munich,2023-02-02,ZONA 1 SUPERIOR,22
Basket,FC Bayern Munich,2023-02-02,EMPTY,20
Basket,FC Bayern Munich,2023-02-02,EMPTY,13
Basket,FC Bayern Munich,2023-02-02,ZONA 2 INFERIOR,10
Basket,Covirán Granada,2022-11-27,Zona 1 Inferior,52
Basket,Covirán Granada,2022-11-27,Zona 1 Superior,44
Basket,Covirán Granada,2022-11-27,Zona 3 Superior,19
Basket,Covirán Granada,2022-11-27,Zona 4,17
Basket,Covirán Granada,2022-11-27,Zona 2 Central Visibilidad Reducida,12
Basket,Covirán Granada,2022-11-27,Zona 4 Visibilidad Reducida,9
Basket,Covirán Granada,2022-11-27,Zona 2 Inferior,37
Basket,Covirán Granada,2022-11-27,Zona 2 Central,30
Basket,Covirán Granada,2022-11-27,Zona 2 Superior,26
Basket,Covirán Granada,2022-11-27,Zona 3 Inferior,23
Basket,Asvel Villeurbanne,2022-12-09,EMPTY,52
Basket,Asvel Villeurbanne,2022-12-09,ZONA 1 INFERIOR,44
Basket,Asvel Villeurbanne,2022-12-09,ZONA 1 INFERIOR,37
Basket,Asvel Villeurbanne,2022-12-09,EMPTY,30
Basket,Asvel Villeurbanne,2022-12-09,EMPTY,23
Basket,Asvel Villeurbanne,2022-12-09,ZONA 1 SUPERIOR,17
Basket,Asvel Villeurbanne,2022-12-09,ZONA 1 SUPERIOR,12
Basket,Asvel Villeurbanne,2022-12-09,EMPTY,9
Basket,Asvel Villeurbanne,2022-12-09,EMPTY,19
Basket,Asvel Villeurbanne,2022-12-09,ZONA 2 INFERIOR,26
Basket,Valencia Basket,2023-04-14,Zona 1 Inferior,69
Basket,Valencia Basket,2023-04-14,Zona 1 Superior,58
Basket,Valencia Basket,2023-04-14,Zona 2 Inferior,49
Basket,Valencia Basket,2023-04-14,Zona 2 Central,39
Basket,Valencia Basket,2023-04-14,Zona 2 Superior,35
Basket,Valencia Basket,2023-04-14,Zona 3 Inferior,30
Basket,Valencia Basket,2023-04-14,Zona 3 Superior,25
Basket,Valencia Basket,2023-04-14,Zona 4,23
Basket,Valencia Basket,2023-04-14,Zona 2 Central Visibilidad Reducida,15
Basket,Valencia Basket,2023-04-14,Zona 4 Visibilidad Reducida,12
Futbol_masculi,Espanyol,2022-12-31,Corner 1ª,69
Futbol_masculi,Espanyol,2022-12-31,Corner 2ª inferior,69
Futbol_masculi,Espanyol,2022-12-31,Corner 2ª superior,59
Futbol_masculi,Espanyol,2022-12-31,Corner 3ª inferior,49
Futbol_masculi,Espanyol,2022-12-31,Corner 3ª superior,34
Futbol_masculi,Espanyol,2022-12-31,Gol 1ª,59
Futbol_masculi,Espanyol,2022-12-31,Gol 2ª inferior,59
Futbol_masculi,Espanyol,2022-12-31,Gol 2ª superior,49
Futbol_masculi,Espanyol,2022-12-31,Gol 3ª inferior,39
Futbol_masculi,Espanyol,2022-12-31,Lateral 1ª,129
Futbol_masculi,Espanyol,2022-12-31,Lateral 2ª inferior,119
Futbol_masculi,Espanyol,2022-12-31,Lateral 2ª superior,109
Futbol_masculi,Espanyol,2022-12-31,Lateral 3ª inferior,79
Futbol_masculi,Espanyol,2022-12-31,Lateral 3ª superior,54
Futbol_masculi,Espanyol,2022-12-31,Tribuna 1ª Central,149
Futbol_masculi,Espanyol,2022-12-31,Tribuna 1ª Norte/Sur,129
Futbol_masculi,Espanyol,2022-12-31,Tribuna 2ª Central inferior,139
Futbol_masculi,Espanyol,2022-12-31,Tribuna 2ª Norte/Sur inferior,109
Futbol_masculi,Espanyol,2022-12-31,Tribuna 2ª Norte/Sur superior,99
Futbol_masculi,Espanyol,2022-12-31,Tribuna 3ª central,94
Futbol_masculi,Espanyol,2022-12-31,Gol 3ª superior,19
Futbol_masculi,Getafe,2023-01-22,SZ-TRI1C,149
Futbol_masculi,Getafe,2023-01-22,TRIBUNA 1 CENTRAL,119
Futbol_masculi,Getafe,2023-01-22,TRIBUNA 1 CENTRAL,69
Futbol_masculi,Getafe,2023-01-22,SZ-TRI1C,139
Futbol_masculi,Getafe,2023-01-22,SZ-LAT2I,129
Futbol_masculi,Getafe,2023-01-22,LATERAL 2 INFERIOR,129
Futbol_masculi,Getafe,2023-01-22,LATERAL 2 INFERIOR,124
Futbol_masculi,Getafe,2023-01-22,SZ-LAT2I,109
Futbol_masculi,Getafe,2023-01-22,SZ-CO1G,109
Futbol_masculi,Getafe,2023-01-22,CORNER 1 GRADERIA,99
Futbol_masculi,Getafe,2023-01-22,CORNER 1 GRADERIA,94
Futbol_masculi,Getafe,2023-01-22,SZ-CO1G,79
Futbol_masculi,Getafe,2023-01-22,SZ-TRI2CI,69
Futbol_masculi,Getafe,2023-01-22,TRIBUNA 2 CENTRAL INFERIOR,59
Futbol_masculi,Getafe,2023-01-22,TRIBUNA 2 CENTRAL INFERIOR,59
Futbol_masculi,Getafe,2023-01-22,SZ-TRI2CI,59
Futbol_masculi,Getafe,2023-01-22,SZ-TRI1,54
Futbol_masculi,Getafe,2023-01-22,TRIBUNA 1,49
Futbol_masculi,Getafe,2023-01-22,TRIBUNA 1,49
Futbol_masculi,Getafe,2023-01-22,SZ-TRI1,39
Futbol_masculi,Getafe,2023-01-22,SZ-LAT1,34
Futbol_masculi,Getafe,2023-01-22,LATERAL 1,19
Futbol_masculi,Sevilla,2023-02-05,Corner 1ª,89
Futbol_masculi,Sevilla,2023-02-05,Corner 2ª inferior,89
Futbol_masculi,Sevilla,2023-02-05,Corner 2ª superior,79
Futbol_masculi,Sevilla,2023-02-05,Corner 3ª inferior,69
Futbol_masculi,Sevilla,2023-02-05,Corner 3ª superior,59
Futbol_masculi,Sevilla,2023-02-05,Gol 1ª,79
Futbol_masculi,Sevilla,2023-02-05,Gol 2ª inferior,79
Futbol_masculi,Sevilla,2023-02-05,Gol 2ª superior,69
Futbol_masculi,Sevilla,2023-02-05,Gol 3ª inferior,59
Futbol_masculi,Sevilla,2023-02-05,Lateral 1ª,169
Futbol_masculi,Sevilla,2023-02-05,Lateral 2ª inferior,169
Futbol_masculi,Sevilla,2023-02-05,Lateral 2ª superior,149
Futbol_masculi,Sevilla,2023-02-05,Lateral 3ª inferior,129
Futbol_masculi,Sevilla,2023-02-05,Lateral 3ª superior,99
Futbol_masculi,Sevilla,2023-02-05,Tribuna 1ª Central,189
Futbol_masculi,Sevilla,2023-02-05,Tribuna 1ª Norte/Sur,159
Futbol_masculi,Sevilla,2023-02-05,Tribuna 2ª Central inferior,189
Futbol_masculi,Sevilla,2023-02-05,Tribuna 2ª Central superior,159
Futbol_masculi,Sevilla,2023-02-05,Tribuna 2ª Norte/Sur inferior,139
Futbol_masculi,Sevilla,2023-02-05,Tribuna 2ª Norte/Sur superior,129
Futbol_masculi,Sevilla,2023-02-05,Tribuna 3ª central,119
Futbol_masculi,Sevilla,2023-02-05,Gol 3ª superior,39
Futbol_masculi,Cádiz,2023-02-19,Corner 1ª,79
Futbol_masculi,Cádiz,2023-02-19,Corner 2ª inferior,79
Futbol_masculi,Cádiz,2023-02-19,Corner 2ª superior,69
Futbol_masculi,Cádiz,2023-02-19,Corner 3ª inferior,59
Futbol_masculi,Cádiz,2023-02-19,Corner 3ª superior,49
Futbol_masculi,Cádiz,2023-02-19,Gol 1ª,69
Futbol_masculi,Cádiz,2023-02-19,Gol 2ª inferior,69
Futbol_masculi,Cádiz,2023-02-19,Gol 2ª superior,59
Futbol_masculi,Cádiz,2023-02-19,Gol 3ª inferior,49
Futbol_masculi,Cádiz,2023-02-19,Lateral 1ª,149
Futbol_masculi,Cádiz,2023-02-19,Lateral 2ª inferior,149
Futbol_masculi,Cádiz,2023-02-19,Lateral 2ª superior,129
Futbol_masculi,Cádiz,2023-02-19,Lateral 3ª inferior,109
Futbol_masculi,Cádiz,2023-02-19,Lateral 3ª superior,79
Futbol_masculi,Cádiz,2023-02-19,Tribuna 1ª Central,169
Futbol_masculi,Cádiz,2023-02-19,Tribuna 1ª Norte/Sur,139
Futbol_masculi,Cádiz,2023-02-19,Tribuna 2ª Central inferior,169
Futbol_masculi,Cádiz,2023-02-19,Tribuna 2ª Central superior,139
Futbol_masculi,Cádiz,2023-02-19,Tribuna 2ª Norte/Sur inferior,119
Futbol_masculi,Cádiz,2023-02-19,Tribuna 2ª Norte/Sur superior,109
Futbol_masculi,Cádiz,2023-02-19,Tribuna 3ª central,99
Futbol_masculi,Cádiz,2023-02-19,Gol 3ª superior,39
Futbol_masculi,Valencia CF,2023-03-05,Corner 1ª,79
Futbol_masculi,Valencia CF,2023-03-05,Corner 2ª inferior,79
Futbol_masculi,Valencia CF,2023-03-05,Corner 2ª superior,69
Futbol_masculi,Valencia CF,2023-03-05,Corner 3ª inferior,59
Futbol_masculi,Valencia CF,2023-03-05,Corner 3ª superior,49
Futbol_masculi,Valencia CF,2023-03-05,Gol 1ª,69
Futbol_masculi,Valencia CF,2023-03-05,Gol 2ª inferior,69
Futbol_masculi,Valencia CF,2023-03-05,Gol 2ª superior,59
Futbol_masculi,Valencia CF,2023-03-05,Gol 3ª inferior,49
Futbol_masculi,Valencia CF,2023-03-05,Lateral 1ª,159
Futbol_masculi,Valencia CF,2023-03-05,Lateral 2ª inferior,159
Futbol_masculi,Valencia CF,2023-03-05,Lateral 2ª superior,139
Futbol_masculi,Valencia CF,2023-03-05,Lateral 3ª inferior,119
Futbol_masculi,Valencia CF,2023-03-05,Lateral 3ª superior,89
Futbol_masculi,Valencia CF,2023-03-05,Tribuna 1ª Central,179
Futbol_masculi,Valencia CF,2023-03-05,Tribuna 1ª Norte/Sur,149
Futbol_masculi,Valencia CF,2023-03-05,Tribuna 2ª Central inferior,179
Futbol_masculi,Valencia CF,2023-03-05,Tribuna 2ª Central superior,149
Futbol_masculi,Valencia CF,2023-03-05,Tribuna 2ª Norte/Sur inferior,129
Futbol_masculi,Valencia CF,2023-03-05,Tribuna 2ª Norte/Sur superior,119
Futbol_masculi,Valencia CF,2023-03-05,Tribuna 3ª central,109
Futbol_masculi,Valencia CF,2023-03-05,Gol 3ª superior,39
Futbol_masculi,Girona,2023-04-09,Corner 1ª,89
Futbol_masculi,Girona,2023-04-09,Corner 2ª inferior,89
Futbol_masculi,Girona,2023-04-09,Corner 2ª superior,79
Futbol_masculi,Girona,2023-04-09,Corner 3ª inferior,69
Futbol_masculi,Girona,2023-04-09,Corner 3ª superior,59
Futbol_masculi,Girona,2023-04-09,Gol 1ª,79
Futbol_masculi,Girona,2023-04-09,Gol 2ª inferior,79
Futbol_masculi,Girona,2023-04-09,Gol 2ª superior,69
Futbol_masculi,Girona,2023-04-09,Gol 3ª inferior,59
Futbol_masculi,Girona,2023-04-09,Lateral 1ª,159
Futbol_masculi,Girona,2023-04-09,Lateral 2ª inferior,159
Futbol_masculi,Girona,2023-04-09,Lateral 2ª superior,139
Futbol_masculi,Girona,2023-04-09,Lateral 3ª inferior,119
Futbol_masculi,Girona,2023-04-09,Lateral 3ª superior,89
Futbol_masculi,Girona,2023-04-09,Tribuna 1ª Central,179
Futbol_masculi,Girona,2023-04-09,Tribuna 1ª Norte/Sur,149
Futbol_masculi,Girona,2023-04-09,Tribuna 2ª Central inferior,179
Futbol_masculi,Girona,2023-04-09,Tribuna 2ª Central superior,149
Futbol_masculi,Girona,2023-04-09,Tribuna 2ª Norte/Sur inferior,129
Futbol_masculi,Girona,2023-04-09,Tribuna 2ª Norte/Sur superior,119
Futbol_masculi,Girona,2023-04-09,Tribuna 3ª central,109
Futbol_masculi,Girona,2023-04-09,Gol 3ª superior,49
Futbol_masculi,Real Betis,2023-04-30,Corner 1ª,89
Futbol_masculi,Real Betis,2023-04-30,Corner 2ª inferior,89
Futbol_masculi,Real Betis,2023-04-30,Corner 2ª superior,79
Futbol_masculi,Real Betis,2023-04-30,Corner 3ª inferior,69
Futbol_masculi,Real Betis,2023-04-30,Corner 3ª superior,59
Futbol_masculi,Real Betis,2023-04-30,Gol 1ª,79
Futbol_masculi,Real Betis,2023-04-30,Gol 2ª inferior,79
Futbol_masculi,Real Betis,2023-04-30,Gol 2ª superior,69
Futbol_masculi,Real Betis,2023-04-30,Gol 3ª inferior,59
Futbol_masculi,Real Betis,2023-04-30,Lateral 1ª,159
Futbol_masculi,Real Betis,2023-04-30,Lateral 2ª inferior,159
Futbol_masculi,Real Betis,2023-04-30,Lateral 2ª superior,139
Futbol_masculi,Real Betis,2023-04-30,Lateral 3ª inferior,119
Futbol_masculi,Real Betis,2023-04-30,Lateral 3ª superior,89
Futbol_masculi,Real Betis,2023-04-30,Tribuna 1ª Central,179
Futbol_masculi,Real Betis,2023-04-30,Tribuna 1ª Norte/Sur,149
Futbol_masculi,Real Betis,2023-04-30,Tribuna 2ª Central inferior,179
Futbol_masculi,Real Betis,2023-04-30,Tribuna 2ª Central superior,149
Futbol_masculi,Real Betis,2023-04-30,Tribuna 2ª Norte/Sur inferior,129
Futbol_masculi,Real Betis,2023-04-30,Tribuna 2ª Norte/Sur superior,119
Futbol_masculi,Real Betis,2023-04-30,Tribuna 3ª central,109
Futbol_masculi,Real Betis,2023-04-30,Gol 3ª superior,39
Futbol_masculi,Osasuna,2023-05-03,SZ-TRI1C,169
Futbol_masculi,Osasuna,2023-05-03,TRIBUNA 1 CENTRAL,149
Futbol_masculi,Osasuna,2023-05-03,TRIBUNA 1 CENTRAL,79
Futbol_masculi,Osasuna,2023-05-03,SZ-TRI1C,169
Futbol_masculi,Osasuna,2023-05-03,SZ-LAT2I,149
Futbol_masculi,Osasuna,2023-05-03,LATERAL 2 INFERIOR,139
Futbol_masculi,Osasuna,2023-05-03,LATERAL 2 INFERIOR,139
Futbol_masculi,Osasuna,2023-05-03,SZ-LAT2I,129
Futbol_masculi,Osasuna,2023-05-03,SZ-CO1G,119
Futbol_masculi,Osasuna,2023-05-03,CORNER 1 GRADERIA,109
Futbol_masculi,Osasuna,2023-05-03,CORNER 1 GRADERIA,109
Futbol_masculi,Osasuna,2023-05-03,SZ-CO1G,99
Futbol_masculi,Osasuna,2023-05-03,SZ-TRI2CI,79
Futbol_masculi,Osasuna,2023-05-03,TRIBUNA 2 CENTRAL INFERIOR,79
Futbol_masculi,Osasuna,2023-05-03,TRIBUNA 2 CENTRAL INFERIOR,69
Futbol_masculi,Osasuna,2023-05-03,SZ-TRI2CI,69
Futbol_masculi,Osasuna,2023-05-03,SZ-LAT1,69
Futbol_masculi,Osasuna,2023-05-03,LATERAL 1,59
Futbol_masculi,Osasuna,2023-05-03,LATERAL 1,59
Futbol_masculi,Osasuna,2023-05-03,SZ-LAT1,49
Futbol_masculi,Osasuna,2023-05-03,SZ-TRI2CS,49
Futbol_masculi,Osasuna,2023-05-03,TRIBUNA 2 CENTRAL SUPERIOR,29
Futbol_masculi,Real Sociedad,2023-05-21,Corner 1ª,99
Futbol_masculi,Real Sociedad,2023-05-21,Corner 2ª inferior,99
Futbol_masculi,Real Sociedad,2023-05-21,Corner 2ª superior,89
Futbol_masculi,Real Sociedad,2023-05-21,Corner 3ª inferior,79
Futbol_masculi,Real Sociedad,2023-05-21,Corner 3ª superior,69
Futbol_masculi,Real Sociedad,2023-05-21,Gol 1ª,89
Futbol_masculi,Real Sociedad,2023-05-21,Gol 2ª inferior,89
Futbol_masculi,Real Sociedad,2023-05-21,Gol 2ª superior,79
Futbol_masculi,Real Sociedad,2023-05-21,Gol 3ª inferior,69
Futbol_masculi,Real Sociedad,2023-05-21,Lateral 1ª,169
Futbol_masculi,Real Sociedad,2023-05-21,Lateral 2ª inferior,169
Futbol_masculi,Real Sociedad,2023-05-21,Lateral 2ª superior,149
Futbol_masculi,Real Sociedad,2023-05-21,Lateral 3ª inferior,129
Futbol_masculi,Real Sociedad,2023-05-21,Lateral 3ª superior,99
Futbol_masculi,Real Sociedad,2023-05-21,Tribuna 1ª Central,189
Futbol_masculi,Real Sociedad,2023-05-21,Tribuna 1ª Norte/Sur,159
Futbol_masculi,Real Sociedad,2023-05-21,Tribuna 2ª Central inferior,189
Futbol_masculi,Real Sociedad,2023-05-21,Tribuna 2ª Central superior,159
Futbol_masculi,Real Sociedad,2023-05-21,Tribuna 2ª Norte/Sur inferior,139
Futbol_masculi,Real Sociedad,2023-05-21,Tribuna 2ª Norte/Sur superior,129
Futbol_masculi,Real Sociedad,2023-05-21,Tribuna 3ª central,119
Futbol_masculi,Real Sociedad,2023-05-21,Gol 3ª superior,49
Futbol_masculi,Mallorca,2023-05-28,SZ-TRI1C,189
Futbol_masculi,Mallorca,2023-05-28,TRIBUNA 1 CENTRAL,169
Futbol_masculi,Mallorca,2023-05-28,TRIBUNA 1 CENTRAL,99
Futbol_masculi,Mallorca,2023-05-28,SZ-TRI1C,189
Futbol_masculi,Mallorca,2023-05-28,SZ-LAT2I,169
Futbol_masculi,Mallorca,2023-05-28,LATERAL 2 INFERIOR,159
Futbol_masculi,Mallorca,2023-05-28,LATERAL 2 INFERIOR,159
Futbol_masculi,Mallorca,2023-05-28,SZ-LAT2I,149
Futbol_masculi,Mallorca,2023-05-28,SZ-CO1G,139
Futbol_masculi,Mallorca,2023-05-28,CORNER 1 GRADERIA,129
Futbol_masculi,Mallorca,2023-05-28,CORNER 1 GRADERIA,129
Futbol_masculi,Mallorca,2023-05-28,SZ-CO1G,119
Futbol_masculi,Mallorca,2023-05-28,SZ-TRI2CI,99
Futbol_masculi,Mallorca,2023-05-28,TRIBUNA 2 CENTRAL INFERIOR,99
Futbol_masculi,Mallorca,2023-05-28,TRIBUNA 2 CENTRAL INFERIOR,89
Futbol_masculi,Mallorca,2023-05-28,SZ-TRI2CI,89
Futbol_masculi,Mallorca,2023-05-28,SZ-LAT1,89
Futbol_masculi,Mallorca,2023-05-28,LATERAL 1,79
Futbol_masculi,Mallorca,2023-05-28,LATERAL 1,79
Futbol_masculi,Mallorca,2023-05-28,SZ-LAT1,69
Futbol_masculi,Mallorca,2023-05-28,SZ-TRI2CS,69
Futbol_masculi,Mallorca,2023-05-28,TRIBUNA 2 CENTRAL SUPERIOR,49
Handbol,THW Kiel,2022-11-30,ZONA 3 SUPERIOR SUR (VIS. REDUCIDA),8
Handbol,THW Kiel,2022-11-30,ZONA 3 SUPERIOR NORTE (VIS. REDUCIDA),8
Handbol,THW Kiel,2022-11-30,ZONA 3 INFERIOR ALA SUR (VIS.REDUCIDA),8
Handbol,THW Kiel,2022-11-30,ZONA 3 INFERIOR ALA NORTE (VIS.REDUCIDA),8
Handbol,Blendio Sinfín,2022-12-02,ZONA 2 TRIBUNA,9
Handbol,Blendio Sinfín,2022-12-02,ZONA 3 INFERIOR SUR,9
Handbol,Blendio Sinfín,2022-12-02,ZONA 3 INFERIOR NORTE,9
Handbol,Blendio Sinfín,2022-12-02,ZONA 2 TRIBUNA,11
Handbol,Blendio Sinfín,2022-12-02,ZONA 2 LATERAL,11
Handbol,Blendio Sinfín,2022-12-02,ZONA 1 SUPERIOR TRIBUNA,13
Handbol,Blendio Sinfín,2022-12-02,ZONA 1 SUPERIOR LATERAL,13
Handbol,Blendio Sinfín,2022-12-02,ZONA 1 INFERIOR TRIBUNA,15
Handbol,Blendio Sinfín,2022-12-02,ZONA 1 INFERIOR LATERAL,15
Handbol,Aalborg Handbold,2022-12-08,ZONA 2 TRIBUNA,13
Handbol,Aalborg Handbold,2022-12-08,ZONA 3 INFERIOR SUR,13
Handbol,Aalborg Handbold,2022-12-08,ZONA 3 INFERIOR NORTE,13
Handbol,Aalborg Handbold,2022-12-08,ZONA 2 TRIBUNA,16
Handbol,Aalborg Handbold,2022-12-08,ZONA 2 LATERAL,16
Handbol,Aalborg Handbold,2022-12-08,ZONA 1 SUPERIOR TRIBUNA,19
Handbol,Aalborg Handbold,2022-12-08,ZONA 1 SUPERIOR LATERAL,19
Handbol,Aalborg Handbold,2022-12-08,ZONA 1 INFERIOR TRIBUNA,22
Handbol,Aalborg Handbold,2022-12-08,ZONA 1 INFERIOR LATERAL,22
Handbol,Elverum Handball,2023-02-09,ZONA 2 TRIBUNA,11
Handbol,Elverum Handball,2023-02-09,ZONA 3 INFERIOR SUR,11
Handbol,Elverum Handball,2023-02-09,ZONA 3 INFERIOR NORTE,11
Handbol,Elverum Handball,2023-02-09,ZONA 2 TRIBUNA,13
Handbol,Elverum Handball,2023-02-09,ZONA 2 LATERAL,13
Handbol,Elverum Handball,2023-02-09,ZONA 1 SUPERIOR TRIBUNA,16
Handbol,Elverum Handball,2023-02-09,ZONA 1 SUPERIOR LATERAL,16
Handbol,Elverum Handball,2023-02-09,ZONA 1 INFERIOR TRIBUNA,18
Handbol,Elverum Handball,2023-02-09,ZONA 1 INFERIOR LATERAL,18
Handbol,REBI Balonmano Cuenca,2023-02-11,ZONA 2 TRIBUNA,11
Handbol,REBI Balonmano Cuenca,2023-02-11,ZONA 3 INFERIOR SUR,11
Handbol,REBI Balonmano Cuenca,2023-02-11,ZONA 3 INFERIOR NORTE,11
Handbol,REBI Balonmano Cuenca,2023-02-11,ZONA 2 TRIBUNA,13
Handbol,REBI Balonmano Cuenca,2023-02-11,ZONA 2 LATERAL,13
Handbol,REBI Balonmano Cuenca,2023-02-11,ZONA 1 SUPERIOR TRIBUNA,16
Handbol,REBI Balonmano Cuenca,2023-02-11,ZONA 1 SUPERIOR LATERAL,16
Handbol,REBI Balonmano Cuenca,2023-02-11,ZONA 1 INFERIOR TRIBUNA,18
Handbol,REBI Balonmano Cuenca,2023-02-11,ZONA 1 INFERIOR LATERAL,18
Handbol,MOL Pick Szeged,2023-02-22,ZONA 2 TRIBUNA,11
Handbol,MOL Pick Szeged,2023-02-22,ZONA 3 INFERIOR SUR,11
Handbol,MOL Pick Szeged,2023-02-22,ZONA 3 INFERIOR NORTE,11
Handbol,MOL Pick Szeged,2023-02-22,ZONA 2 TRIBUNA,13
Handbol,MOL Pick Szeged,2023-02-22,ZONA 2 LATERAL,13
Handbol,MOL Pick Szeged,2023-02-22,ZONA 1 SUPERIOR TRIBUNA,16
Handbol,MOL Pick Szeged,2023-02-22,ZONA 1 SUPERIOR LATERAL,16
Handbol,MOL Pick Szeged,2023-02-22,ZONA 1 INFERIOR TRIBUNA,18
Handbol,MOL Pick Szeged,2023-02-22,ZONA 1 INFERIOR LATERAL,18
Handbol,Ángel Ximénez - PG,2023-02-25,ZONA 2 TRIBUNA,9
Handbol,Ángel Ximénez - PG,2023-02-25,ZONA 3 INFERIOR SUR,9
Handbol,Ángel Ximénez - PG,2023-02-25,ZONA 3 INFERIOR NORTE,9
Handbol,Ángel Ximénez - PG,2023-02-25,ZONA 2 TRIBUNA,11
Handbol,Ángel Ximénez - PG,2023-02-25,ZONA 2 LATERAL,11
Handbol,Ángel Ximénez - PG,2023-02-25,ZONA 1 SUPERIOR TRIBUNA,13
Handbol,Ángel Ximénez - PG,2023-02-25,ZONA 1 SUPERIOR LATERAL,13
Handbol,Ángel Ximénez - PG,2023-02-25,ZONA 1 INFERIOR TRIBUNA,15
Handbol,Ángel Ximénez - PG,2023-02-25,ZONA 1 INFERIOR LATERAL,15
Handbol,Frigoríficos Morrazo Cangas,2023-03-25,ZONA 2 TRIBUNA,9
Handbol,Frigoríficos Morrazo Cangas,2023-03-25,ZONA 3 INFERIOR SUR,9
Handbol,Frigoríficos Morrazo Cangas,2023-03-25,ZONA 3 INFERIOR NORTE,9
Handbol,Frigoríficos Morrazo Cangas,2023-03-25,ZONA 2 TRIBUNA,11
Handbol,Frigoríficos Morrazo Cangas,2023-03-25,ZONA 2 LATERAL,11
Handbol,Frigoríficos Morrazo Cangas,2023-03-25,ZONA 1 SUPERIOR TRIBUNA,13
Handbol,Frigoríficos Morrazo Cangas,2023-03-25,ZONA 1 SUPERIOR LATERAL,13
Handbol,Frigoríficos Morrazo Cangas,2023-03-25,ZONA 1 INFERIOR TRIBUNA,15
Handbol,Frigoríficos Morrazo Cangas,2023-03-25,ZONA 1 INFERIOR LATERAL,15
Handbol,Recoletas Atlético Valladolid,2023-04-05,ZONA 2 TRIBUNA,9
Handbol,Recoletas Atlético Valladolid,2023-04-05,ZONA 3 INFERIOR SUR,9
Handbol,Recoletas Atlético Valladolid,2023-04-05,ZONA 3 INFERIOR NORTE,9
Handbol,Recoletas Atlético Valladolid,2023-04-05,ZONA 2 TRIBUNA,11
Handbol,Recoletas Atlético Valladolid,2023-04-05,ZONA 2 LATERAL,11
Handbol,Recoletas Atlético Valladolid,2023-04-05,ZONA 1 SUPERIOR TRIBUNA,13
Handbol,Recoletas Atlético Valladolid,2023-04-05,ZONA 1 SUPERIOR LATERAL,13
Handbol,Recoletas Atlético Valladolid,2023-04-05,ZONA 1 INFERIOR TRIBUNA,15
Handbol,Recoletas Atlético Valladolid,2023-04-05,ZONA 1 INFERIOR LATERAL,15
Handbol,TM Benidorm,2023-04-08,ZONA 2 TRIBUNA,11
Handbol,TM Benidorm,2023-04-08,ZONA 3 INFERIOR SUR,11
Handbol,TM Benidorm,2023-04-08,ZONA 3 INFERIOR NORTE,11
Handbol,TM Benidorm,2023-04-08,ZONA 2 TRIBUNA,13
Handbol,TM Benidorm,2023-04-08,ZONA 2 LATERAL,13
Handbol,TM Benidorm,2023-04-08,ZONA 1 SUPERIOR TRIBUNA,16
Handbol,TM Benidorm,2023-04-08,ZONA 1 SUPERIOR LATERAL,16
Handbol,TM Benidorm,2023-04-08,ZONA 1 INFERIOR TRIBUNA,18
Handbol,TM Benidorm,2023-04-08,ZONA 1 INFERIOR LATERAL,18
Handbol,BM Logroño La Rioja,2023-04-22,ZONA 2 TRIBUNA,11
Handbol,BM Logroño La Rioja,2023-04-22,ZONA 3 INFERIOR SUR,11
Handbol,BM Logroño La Rioja,2023-04-22,ZONA 3 INFERIOR NORTE,11
Handbol,BM Logroño La Rioja,2023-04-22,ZONA 2 TRIBUNA,13
Handbol,BM Logroño La Rioja,2023-04-22,ZONA 2 LATERAL,13
Handbol,BM Logroño La Rioja,2023-04-22,ZONA 1 SUPERIOR TRIBUNA,16
Handbol,BM Logroño La Rioja,2023-04-22,ZONA 1 SUPERIOR LATERAL,16
Handbol,BM Logroño La Rioja,2023-04-22,ZONA 1 INFERIOR TRIBUNA,18
Handbol,BM Logroño La Rioja,2023-04-22,ZONA 1 INFERIOR LATERAL,18
Handbol,Club Cisne,2023-05-20,ZONA 2 TRIBUNA,9
Handbol,Club Cisne,2023-05-20,ZONA 3 INFERIOR SUR,9
Handbol,Club Cisne,2023-05-20,ZONA 3 INFERIOR NORTE,9
Handbol,Club Cisne,2023-05-20,ZONA 2 TRIBUNA,11
Handbol,Club Cisne,2023-05-20,ZONA 2 LATERAL,11
Handbol,Club Cisne,2023-05-20,ZONA 1 SUPERIOR TRIBUNA,13
Handbol,Club Cisne,2023-05-20,ZONA 1 SUPERIOR LATERAL,13
Handbol,Club Cisne,2023-05-20,ZONA 1 INFERIOR TRIBUNA,15
Handbol,Club Cisne,2023-05-20,ZONA 1 INFERIOR LATERAL,15
Handbol,ABANCA Ademar León,2023-06-03,ZONA 2 TRIBUNA,11
Handbol,ABANCA Ademar León,2023-06-03,ZONA 3 INFERIOR SUR,11
Handbol,ABANCA Ademar León,2023-06-03,ZONA 3 INFERIOR NORTE,11
Handbol,ABANCA Ademar León,2023-06-03,ZONA 2 TRIBUNA,13
Handbol,ABANCA Ademar León,2023-06-03,ZONA 2 LATERAL,13
Handbol,ABANCA Ademar León,2023-06-03,ZONA 1 SUPERIOR TRIBUNA,16
Handbol,ABANCA Ademar León,2023-06-03,ZONA 1 SUPERIOR LATERAL,16
Handbol,ABANCA Ademar León,2023-06-03,ZONA 1 INFERIOR TRIBUNA,18
Handbol,ABANCA Ademar León,2023-06-03,ZONA 1 INFERIOR LATERAL,18
Hockey_patins,Reus Deportiu Virginias,2022-11-26,ZONA 3 INFERIOR NORTE,9
Hockey_patins,Reus Deportiu Virginias,2022-11-26,ZONA 2 TRIBUNA,9
Hockey_patins,Reus Deportiu Virginias,2022-11-26,ZONA 2 LATERAL,9
Hockey_patins,Reus Deportiu Virginias,2022-11-26,ZONA 1 SUPERIOR TRIBUNA,9
Hockey_patins,Reus Deportiu Virginias,2022-11-26,ZONA 1 SUPERIOR LATERAL,9
Hockey_patins,Reus Deportiu Virginias,2022-11-26,ZONA 3 INFERIOR SUR,9
Hockey_patins,Reus Deportiu Virginias,2022-11-26,ZONA 1 INFERIOR LATERAL,9
Hockey_patins,Pas Alcoi,2022-12-03,ZONA 3 INFERIOR NORTE,9
Hockey_patins,Pas Alcoi,2022-12-03,ZONA 2 TRIBUNA,9
Hockey_patins,Pas Alcoi,2022-12-03,ZONA 2 LATERAL,9
Hockey_patins,Pas Alcoi,2022-12-03,ZONA 1 SUPERIOR LATERAL,9
Hockey_patins,Pas Alcoi,2022-12-03,ZONA 3 INFERIOR SUR,9
Hockey_patins,Pas Alcoi,2022-12-03,ZONA 1 INFERIOR LATERAL,9
Hockey_patins,Igualada Rigat HC,2022-12-11,ZONA 3 INFERIOR NORTE,9
Hockey_patins,Igualada Rigat HC,2022-12-11,ZONA 2 TRIBUNA,9
Hockey_patins,Igualada Rigat HC,2022-12-11,ZONA 2 LATERAL,9
Hockey_patins,Igualada Rigat HC,2022-12-11,ZONA 1 SUPERIOR LATERAL,9
Hockey_patins,Igualada Rigat HC,2022-12-11,ZONA 3 INFERIOR SUR,9
Hockey_patins,Igualada Rigat HC,2022-12-11,ZONA 1 INFERIOR LATERAL,9
Hockey_patins,Digittecnic CP Vilafranca Capital del Vi,2023-01-07,ZONA 3 INFERIOR NORTE,9
Hockey_patins,Digittecnic CP Vilafranca Capital del Vi,2023-01-07,ZONA 2 TRIBUNA,9
Hockey_patins,Digittecnic CP Vilafranca Capital del Vi,2023-01-07,ZONA 2 LATERAL,9
Hockey_patins,Digittecnic CP Vilafranca Capital del Vi,2023-01-07,ZONA 1 SUPERIOR LATERAL,9
Hockey_patins,Digittecnic CP Vilafranca Capital del Vi,2023-01-07,ZONA 3 INFERIOR SUR,9
Hockey_patins,Digittecnic CP Vilafranca Capital del Vi,2023-01-07,ZONA 1 INFERIOR LATERAL,9
Hockey_patins,Finques Prats Lleida,2023-01-14,ZONA 3 INFERIOR NORTE,9
Hockey_patins,Finques Prats Lleida,2023-01-14,ZONA 2 TRIBUNA,9
Hockey_patins,Finques Prats Lleida,2023-01-14,ZONA 2 LATERAL,9
Hockey_patins,Finques Prats Lleida,2023-01-14,ZONA 1 SUPERIOR LATERAL,9
Hockey_patins,Finques Prats Lleida,2023-01-14,ZONA 3 INFERIOR SUR,9
Hockey_patins,Finques Prats Lleida,2023-01-14,ZONA 1 INFERIOR LATERAL,9
Hockey_patins,Garatge Plana Girona CH,2023-01-28,ZONA 3 INFERIOR NORTE,9
Hockey_patins,Garatge Plana Girona CH,2023-01-28,ZONA 2 TRIBUNA,9
Hockey_patins,Garatge Plana Girona CH,2023-01-28,ZONA 2 LATERAL,9
Hockey_patins,Garatge Plana Girona CH,2023-01-28,ZONA 1 SUPERIOR LATERAL,9
Hockey_patins,Garatge Plana Girona CH,2023-01-28,ZONA 3 INFERIOR SUR,9
Hockey_patins,Garatge Plana Girona CH,2023-01-28,ZONA 1 INFERIOR LATERAL,9
Hockey_patins,Solideo PHC Sant Cugat,2023-02-11,ZONA 3 INFERIOR NORTE,9
Hockey_patins,Solideo PHC Sant Cugat,2023-02-11,ZONA 2 TRIBUNA,9
Hockey_patins,Solideo PHC Sant Cugat,2023-02-11,ZONA 2 LATERAL,9
Hockey_patins,Solideo PHC Sant Cugat,2023-02-11,ZONA 1 SUPERIOR LATERAL,9
Hockey_patins,Solideo PHC Sant Cugat,2023-02-11,ZONA 3 INFERIOR SUR,9
Hockey_patins,Solideo PHC Sant Cugat,2023-02-11,ZONA 1 INFERIOR LATERAL,9
Hockey_patins,Deportivo Liceo,2023-02-25,ZONA 3 INFERIOR NORTE,9
Hockey_patins,Deportivo Liceo,2023-02-25,ZONA 2 TRIBUNA,9
Hockey_patins,Deportivo Liceo,2023-02-25,ZONA 2 LATERAL,9
Hockey_patins,Deportivo Liceo,2023-02-25,ZONA 1 SUPERIOR LATERAL,9
Hockey_patins,Deportivo Liceo,2023-02-25,ZONA 3 INFERIOR SUR,9
Hockey_patins,Deportivo Liceo,2023-02-25,ZONA 1 INFERIOR LATERAL,9
Hockey_patins,Parlem Calafell,2023-03-25,ZONA 3 INFERIOR NORTE,9
Hockey_patins,Parlem Calafell,2023-03-25,ZONA 2 TRIBUNA,9
Hockey_patins,Parlem Calafell,2023-03-25,ZONA 2 LATERAL,9
Hockey_patins,Parlem Calafell,2023-03-25,ZONA 1 SUPERIOR LATERAL,9
Hockey_patins,Parlem Calafell,2023-03-25,ZONA 3 INFERIOR SUR,9
Hockey_patins,Parlem Calafell,2023-03-25,ZONA 1 INFERIOR LATERAL,9
Hockey_patins,Recam Làser CH Caldes,2023-04-15,ZONA 3 INFERIOR NORTE,9
Hockey_patins,Recam Làser CH Caldes,2023-04-15,ZONA 2 TRIBUNA,9
Hockey_patins,Recam Làser CH Caldes,2023-04-15,ZONA 2 LATERAL,9
Hockey_patins,Recam Làser CH Caldes,2023-04-15,ZONA 1 SUPERIOR LATERAL,9
Hockey_patins,Recam Làser CH Caldes,2023-04-15,ZONA 3 INFERIOR SUR,9
Hockey_patins,Recam Làser CH Caldes,2023-04-15,ZONA 1 INFERIOR LATERAL,9
Futbol_sala,Real Betis Futsal,2022-12-03,ZONA 3 INFERIOR SUR,11
Futbol_sala,Real Betis Futsal,2022-12-03,ZONA 2 TRIBUNA,11
Futbol_sala,Real Betis Futsal,2022-12-03,ZONA 2 TRIBUNA,13
Futbol_sala,Real Betis Futsal,2022-12-03,ZONA 2 LATERAL,13
Futbol_sala,Real Betis Futsal,2022-12-03,ZONA 1 SUPERIOR TRIBUNA,16
Futbol_sala,Real Betis Futsal,2022-12-03,ZONA 1 SUPERIOR LATERAL,16
Futbol_sala,Real Betis Futsal,2022-12-03,ZONA 1 INFERIOR TRIBUNA,18
Futbol_sala,Real Betis Futsal,2022-12-03,ZONA 1 INFERIOR LATERAL,18
Futbol_sala,Jimbee Cartagena,2022-12-10,ZONA 2 TRIBUNA,13
Futbol_sala,Jimbee Cartagena,2022-12-10,ZONA 2 TRIBUNA,16
Futbol_sala,Jimbee Cartagena,2022-12-10,ZONA 2 LATERAL,16
Futbol_sala,Jimbee Cartagena,2022-12-10,ZONA 1 SUPERIOR TRIBUNA,19
Futbol_sala,Jimbee Cartagena,2022-12-10,ZONA 1 SUPERIOR LATERAL,19
Futbol_sala,Jimbee Cartagena,2022-12-10,ZONA 1 INFERIOR TRIBUNA,22
Futbol_sala,Jimbee Cartagena,2022-12-10,ZONA 1 INFERIOR LATERAL,22
Futbol_sala,Inter FS,2022-12-21,ZONA 3 INFERIOR SUR,19
Futbol_sala,Inter FS,2022-12-21,ZONA 3 INFERIOR NORTE,19
Futbol_sala,Inter FS,2022-12-21,ZONA 2 TRIBUNA,19
Futbol_sala,Inter FS,2022-12-21,ZONA 2 TRIBUNA,23
Futbol_sala,Inter FS,2022-12-21,ZONA 2 LATERAL,23
Futbol_sala,Inter FS,2022-12-21,ZONA 1 SUPERIOR TRIBUNA,27
Futbol_sala,Inter FS,2022-12-21,ZONA 1 SUPERIOR LATERAL,27
Futbol_sala,Inter FS,2022-12-21,ZONA 1 INFERIOR TRIBUNA,31
Futbol_sala,Inter FS,2022-12-21,ZONA 1 INFERIOR LATERAL,31
Futbol_sala,Industrias Santa Coloma,2023-01-14,ZONA 3 INFERIOR SUR,13
Futbol_sala,Industrias Santa Coloma,2023-01-14,ZONA 3 INFERIOR NORTE,13
Futbol_sala,Industrias Santa Coloma,2023-01-14,ZONA 2 TRIBUNA,13
Futbol_sala,Industrias Santa Coloma,2023-01-14,ZONA 2 TRIBUNA,16
Futbol_sala,Industrias Santa Coloma,2023-01-14,ZONA 2 LATERAL,16
Futbol_sala,Industrias Santa Coloma,2023-01-14,ZONA 1 SUPERIOR TRIBUNA,19
Futbol_sala,Industrias Santa Coloma,2023-01-14,ZONA 1 SUPERIOR LATERAL,19
Futbol_sala,Industrias Santa Coloma,2023-01-14,ZONA 1 INFERIOR TRIBUNA,22
Futbol_sala,Industrias Santa Coloma,2023-01-14,ZONA 1 INFERIOR LATERAL,22
Futbol_sala,Levante UD FS,2023-01-28,ZONA 2 TRIBUNA,13
Futbol_sala,Levante UD FS,2023-01-28,ZONA 2 TRIBUNA,16
Futbol_sala,Levante UD FS,2023-01-28,ZONA 2 LATERAL,16
Futbol_sala,Levante UD FS,2023-01-28,ZONA 1 SUPERIOR TRIBUNA,19
Futbol_sala,Levante UD FS,2023-01-28,ZONA 1 SUPERIOR LATERAL,19
Futbol_sala,Levante UD FS,2023-01-28,ZONA 1 INFERIOR TRIBUNA,22
Futbol_sala,Levante UD FS,2023-01-28,ZONA 1 INFERIOR LATERAL,22
Futbol_sala,Noia Portus Apostoli,2023-03-11,ZONA 3 INFERIOR SUR,9
Futbol_sala,Noia Portus Apostoli,2023-03-11,ZONA 3 INFERIOR NORTE,9
Futbol_sala,Noia Portus Apostoli,2023-03-11,ZONA 2 TRIBUNA,9
Futbol_sala,Noia Portus Apostoli,2023-03-11,ZONA 2 TRIBUNA,11
Futbol_sala,Noia Portus Apostoli,2023-03-11,ZONA 2 LATERAL,11
Futbol_sala,Noia Portus Apostoli,2023-03-11,ZONA 1 SUPERIOR TRIBUNA,13
Futbol_sala,Noia Portus Apostoli,2023-03-11,ZONA 1 SUPERIOR LATERAL,13
Futbol_sala,Noia Portus Apostoli,2023-03-11,ZONA 1 INFERIOR TRIBUNA,15
Futbol_sala,Noia Portus Apostoli,2023-03-11,ZONA 1 INFERIOR LATERAL,15
Futbol_sala,Mallorca Palma Futsal,2023-04-08,ZONA 3 INFERIOR SUR,16
Futbol_sala,Mallorca Palma Futsal,2023-04-08,ZONA 3 INFERIOR NORTE,16
Futbol_sala,Mallorca Palma Futsal,2023-04-08,ZONA 2 TRIBUNA,16
Futbol_sala,Mallorca Palma Futsal,2023-04-08,ZONA 2 TRIBUNA,19
Futbol_sala,Mallorca Palma Futsal,2023-04-08,ZONA 2 LATERAL,19
Futbol_sala,Mallorca Palma Futsal,2023-04-08,ZONA 1 SUPERIOR TRIBUNA,22
Futbol_sala,Mallorca Palma Futsal,2023-04-08,ZONA 1 SUPERIOR LATERAL,22
Futbol_sala,Mallorca Palma Futsal,2023-04-08,ZONA 1 INFERIOR TRIBUNA,26
Futbol_sala,Mallorca Palma Futsal,2023-04-08,ZONA 1 INFERIOR LATERAL,26
Futbol_sala,Xota FS,2023-04-29,ZONA 3 INFERIOR SUR,9
Futbol_sala,Xota FS,2023-04-29,ZONA 3 INFERIOR NORTE,9
Futbol_sala,Xota FS,2023-04-29,ZONA 2 TRIBUNA,9
Futbol_sala,Xota FS,2023-04-29,ZONA 2 TRIBUNA,11
Futbol_sala,Xota FS,2023-04-29,ZONA 2 LATERAL,11
Futbol_sala,Xota FS,2023-04-29,ZONA 1 SUPERIOR TRIBUNA,13
Futbol_sala,Xota FS,2023-04-29,ZONA 1 SUPERIOR LATERAL,13
Futbol_sala,Xota FS,2023-04-29,ZONA 1 INFERIOR TRIBUNA,15
Futbol_sala,Xota FS,2023-04-29,ZONA 1 INFERIOR LATERAL,15
Futbol_sala,Quesos El Hidalgo Manzanares FS,2023-05-13,ZONA 3 INFERIOR SUR,9
Futbol_sala,Quesos El Hidalgo Manzanares FS,2023-05-13,ZONA 3 INFERIOR NORTE,9
Futbol_sala,Quesos El Hidalgo Manzanares FS,2023-05-13,ZONA 2 TRIBUNA,9
Futbol_sala,Quesos El Hidalgo Manzanares FS,2023-05-13,ZONA 2 TRIBUNA,11
Futbol_sala,Quesos El Hidalgo Manzanares FS,2023-05-13,ZONA 2 LATERAL,11
Futbol_sala,Quesos El Hidalgo Manzanares FS,2023-05-13,ZONA 1 SUPERIOR TRIBUNA,13
Futbol_sala,Quesos El Hidalgo Manzanares FS,2023-05-13,ZONA 1 SUPERIOR LATERAL,13
Futbol_sala,Quesos El Hidalgo Manzanares FS,2023-05-13,ZONA 1 INFERIOR TRIBUNA,15
Futbol_sala,Quesos El Hidalgo Manzanares FS,2023-05-13,ZONA 1 INFERIOR LATERAL,15
Futbol_femeni,Real Sociedad,2022-12-03,Gol 1a Graderia,16
Futbol_femeni,Real Sociedad,2022-12-03,Lateral 1a Graderia,19
Futbol_femeni,Real Sociedad,2022-12-03,Tribuna 2a Graderia,22
Futbol_femeni,Real Sociedad,2022-12-03,Tribuna 1a Graderia,26
Futbol_femeni,Alhama Femenino,2022-12-11,Gol 1a Graderia,9
Futbol_femeni,Alhama Femenino,2022-12-11,Lateral 1a Graderia,11
Futbol_femeni,Alhama Femenino,2022-12-11,Tribuna 2a Graderia,13
Futbol_femeni,Alhama Femenino,2022-12-11,Tribuna 1a Graderia,15
Futbol_femeni,Sevilla,2023-01-08,Gol 1a Graderia,13
Futbol_femeni,Sevilla,2023-01-08,Lateral 1a Graderia,16
Futbol_femeni,Sevilla,2023-01-08,Tribuna 2a Graderia,19
Futbol_femeni,Sevilla,2023-01-08,Tribuna 1a Graderia,22
Futbol_femeni,Levante Las Planas Femenino,2023-01-25,Gol 1a Graderia,9
Futbol_femeni,Levante Las Planas Femenino,2023-01-25,Lateral 1a Graderia,11
Futbol_femeni,Levante Las Planas Femenino,2023-01-25,Tribuna 2a Graderia,13
Futbol_femeni,Levante Las Planas Femenino,2023-01-25,Tribuna 1a Graderia,15
Futbol_femeni,Real Betis,2023-02-05,Gol 1a Graderia,11
Futbol_femeni,Real Betis,2023-02-05,Lateral 1a Graderia,13
Futbol_femeni,Real Betis,2023-02-05,Tribuna 2a Graderia,16
Futbol_femeni,Real Betis,2023-02-05,Tribuna 1a Graderia,18
Futbol_femeni,Villarreal Femenino,2023-03-05,Gol 1a Graderia,11
Futbol_femeni,Villarreal Femenino,2023-03-05,Lateral 1a Graderia,13
Futbol_femeni,Villarreal Femenino,2023-03-05,Tribuna 2a Graderia,16
Futbol_femeni,Villarreal Femenino,2023-03-05,Tribuna 1a Graderia,18
Futbol_femeni,Valencia,2023-03-19,Gol 1a Graderia,11
Futbol_femeni,Valencia,2023-03-19,Lateral 1a Graderia,13
Futbol_femeni,Valencia,2023-03-19,Tribuna 2a Graderia,16
Futbol_femeni,Valencia,2023-03-19,Tribuna 1a Graderia,18
Futbol_femeni,Real Madrid Femenino,2023-03-26,Gol 1a Graderia,19
Futbol_femeni,Real Madrid Femenino,2023-03-26,Lateral 1a Graderia,23
Futbol_femeni,Real Madrid Femenino,2023-03-26,Tribuna 2a Graderia,27
Futbol_femeni,Real Madrid Femenino,2023-03-26,Tribuna 1a Graderia,31
Futbol_femeni,Sporting de Huelva,2023-04-30,Gol 1a Graderia,11
Futbol_femeni,Sporting de Huelva,2023-04-30,Lateral 1a Graderia,13
Futbol_femeni,Sporting de Huelva,2023-04-30,Tribuna 2a Graderia,16
Futbol_femeni,Sporting de Huelva,2023-04-30,Tribuna 1a Graderia,18
Futbol_femeni,FC Bayern München,2022-11-24,SZ-CO1G,19
Futbol_femeni,FC Bayern München,2022-11-24,CORNER 1 GRADERIA,16
Futbol_femeni,FC Bayern München,2022-11-24,CORNER 1 GRADERIA,16
Futbol_femeni,FC Bayern München,2022-11-24,SZ-CO1G,16
Futbol_femeni,FC Bayern München,2022-11-24,SZ-LAT3S,13
Futbol_femeni,FC Bayern München,2022-11-24,LATERAL 3 SUPERIOR,13
Futbol_femeni,FC Bayern München,2022-11-24,LATERAL 3 SUPERIOR,13
Futbol_femeni,FC Bayern München,2022-11-24,SZ-LAT3S,11
Futbol_femeni,FC Bayern München,2022-11-24,SZ-LAT3I,11
Futbol_femeni,FC Bayern München,2022-11-24,LATERAL 3 INFERIOR,26
Futbol_femeni,FC Bayern München,2022-11-24,LATERAL 3 INFERIOR,22
Futbol_femeni,FC Bayern München,2022-11-24,SZ-LAT3I,22
Futbol_femeni,FC Bayern München,2022-11-24,SZ-CO2GS,19
Futbol_femeni,FC Bayern München,2022-11-24,CORNER 2 GRADERIA SUPERIOR,19
Futbol_femeni,FC Bayern München,2022-11-24,CORNER 2 GRADERIA SUPERIOR,19
Futbol_femeni,FC Bayern München,2022-11-24,SZ-CO2GS,16
Futbol_femeni,FC Bayern München,2022-11-24,SZ-GO2GS,16
Futbol_femeni,Atlético de Madrid,2023-04-16,Gol 1a Graderia,19
Futbol_femeni,Atlético de Madrid,2023-04-16,Lateral 1a Graderia,23
Futbol_femeni,Atlético de Madrid,2023-04-16,Tribuna 2a Graderia,27
Futbol_femeni,Atlético de Madrid,2023-04-16,Tribuna 1a Graderia,31
Futbol_femeni,Athletic Club,2023-05-14,Tribuna 1ª Gradería,22
Futbol_femeni,Athletic Club,2023-05-14,Tribuna 1ª Gradería,19
Futbol_femeni,Athletic Club,2023-05-14,Tribuna 2ª Gradería,16
Futbol_femeni,Athletic Club,2023-05-14,Tribuna 2ª Gradería,13
Futbol_masculi_atletic,Numancia,2022-11-26,Gol 1a Graderia,13
Futbol_masculi_atletic,Numancia,2022-11-26,Lateral 1a Graderia,16
Futbol_masculi_atletic,Numancia,2022-11-26,Tribuna 2a Graderia,19
Futbol_masculi_atletic,Numancia,2022-11-26,Tribuna 1a Graderia,22
Futbol_masculi_atletic,Eldense,2022-12-07,Tribuna 1ª Gradería,22
Futbol_masculi_atletic,Eldense,2022-12-07,Tribuna 1ª Gradería,19
Futbol_masculi_atletic,Eldense,2022-12-07,Tribuna 2ª Gradería,16
Futbol_masculi_atletic,Eldense,2022-12-07,Tribuna 2ª Gradería,13
Futbol_masculi_atletic,Alcoyano,2023-02-26,Gol 1a Graderia,16
Futbol_masculi_atletic,Alcoyano,2023-02-26,Lateral 1a Graderia,19
Futbol_masculi_atletic,Alcoyano,2023-02-26,Tribuna 2a Graderia,22
Futbol_masculi_atletic,Alcoyano,2023-02-26,Tribuna 1a Graderia,26
Futbol_masculi_atletic,Real Unión,2022-12-17,Gol 1a Graderia,13
Futbol_masculi_atletic,Real Unión,2022-12-17,Lateral 1a Graderia,16
Futbol_masculi_atletic,Real Unión,2022-12-17,Tribuna 2a Graderia,19
Futbol_masculi_atletic,Real Unión,2022-12-17,Tribuna 1a Graderia,22
Futbol_masculi_atletic,La Nucía,2023-01-15,Gol 1a Graderia,13
Futbol_masculi_atletic,La Nucía,2023-01-15,Lateral 1a Graderia,16
Futbol_masculi_atletic,La Nucía,2023-01-15,Tribuna 2a Graderia,19
Futbol_masculi_atletic,La Nucía,2023-01-15,Tribuna 1a Graderia,22
Futbol_masculi_atletic,Real Sociedad B,2023-01-29,Tribuna 1ª Gradería,22
Futbol_masculi_atletic,Real Sociedad B,2023-01-29,Tribuna 1ª Gradería,19
Futbol_masculi_atletic,Real Sociedad B,2023-01-29,Tribuna 2ª Gradería,16
Futbol_masculi_atletic,Real Sociedad B,2023-01-29,Tribuna 2ª Gradería,13
Futbol_masculi_atletic,Amorebieta,2023-02-12,Gol 1a Graderia,11
Futbol_masculi_atletic,Amorebieta,2023-02-12,Lateral 1a Graderia,13
Futbol_masculi_atletic,Amorebieta,2023-02-12,Tribuna 2a Graderia,16
Futbol_masculi_atletic,Amorebieta,2023-02-12,Tribuna 1a Graderia,18
Futbol_masculi_atletic,Gimnàstic de Tarragona,2023-03-12,Gol 1a Graderia,16
Futbol_masculi_atletic,Gimnàstic de Tarragona,2023-03-12,Lateral 1a Graderia,19
Futbol_masculi_atletic,Gimnàstic de Tarragona,2023-03-12,Tribuna 2a Graderia,22
Futbol_masculi_atletic,Gimnàstic de Tarragona,2023-03-12,Tribuna 1a Graderia,26
Futbol_masculi_atletic,Atlético Baleares,2023-04-02,Tribuna 1ª Gradería,22
Futbol_masculi_atletic,Atlético Baleares,2023-04-02,Tribuna 1ª Gradería,19
Futbol_masculi_atletic,Atlético Baleares,2023-04-02,Tribuna 2ª Gradería,16
Futbol_masculi_atletic,Atlético Baleares,2023-04-02,Tribuna 2ª Gradería,13
Futbol_masculi_atletic,SD Logroñés,2023-04-16,Tribuna 1ª Gradería,22
Futbol_masculi_atletic,SD Logroñés,2023-04-16,Tribuna 1ª Gradería,19
Futbol_masculi_atletic,SD Logroñés,2023-04-16,Tribuna 2ª Gradería,16
Futbol_masculi_atletic,SD Logroñés,2023-04-16,Tribuna 2ª Gradería,13
Futbol_masculi_atletic,Osasuna Promesas,2023-04-30,Tribuna 1ª Gradería,22
Futbol_masculi_atletic,Osasuna Promesas,2023-04-30,Tribuna 1ª Gradería,19
Futbol_masculi_atletic,Osasuna Promesas,2023-04-30,Tribuna 2ª Gradería,16
Futbol_masculi_atletic,Osasuna Promesas,2023-04-30,Tribuna 2ª Gradería,13
Futbol_masculi_atletic,Intercity Sant Joan,2023-05-14,Tribuna 1ª Gradería,22
Futbol_masculi_atletic,Intercity Sant Joan,2023-05-14,Tribuna 1ª Gradería,19
Futbol_masculi_atletic,Intercity Sant Joan,2023-05-14,Tribuna 2ª Gradería,16
Futbol_masculi_atletic,Intercity Sant Joan,2023-05-14,Tribuna 2ª Gradería,13
Futbol_masculi_atletic,UD Logroñés,2023-05-28,Tribuna 1ª Gradería,22
Futbol_masculi_atletic,UD Logroñés,2023-05-28,Tribuna 1ª Gradería,19
Futbol_masculi_atletic,UD Logroñés,2023-05-28,Tribuna 2ª Gradería,16
Futbol_masculi_atletic,UD Logroñés,2023-05-28,Tribuna 2ª Gradería,13